{
  "system_info": {
    "python_version": "3.14.3",
    "platform": "macOS-14.4.1-arm64-arm-64bit-Mach-O",
    "processor": "arm",
    "machine": "arm64"
  },
  "timestamp": "2026-04-02 19:06:31",
  "test_corpus": "test_corpus_expanded",
  "file_count": 25,
  "summary": {
    "performance": {
      "4tiers_mean_ms": 0.8822139344799022,
      "4tiers_std_ms": 0.4942768393805906,
      "radon_mean_ms": 1.1122750126135845,
      "radon_std_ms": 0.57916684238123
    },
    "correlations": {
      "pearson_f_cc": -0.1330242778568925,
      "spearman_f_cc": -0.0260365255393513
    }
  },
  "results": [
    {
      "file": "simple_math.py",
      "category": "simple",
      "lines": 20,
      "radon_max_cc": 2,
      "radon_avg_cc": 1.25,
      "radon_mi": 61.775242834354245,
      "radon_loc": 19,
      "time_4tiers_ms": 0.42880534116799635,
      "time_radon_ms": 0.5744583322666585,
      "knot_score": 0.11382462686567164,
      "severity": "low",
      "feature_a": 0.0,
      "feature_b": 0.95,
      "feature_c": 0.0,
      "feature_d": 0.0,
      "feature_e": 0.0,
      "feature_f": 0.00375,
      "feature_h": 0.0
    },
    {
      "file": "simple_strings.py",
      "category": "simple",
      "lines": 20,
      "radon_max_cc": 2,
      "radon_avg_cc": 1.25,
      "radon_mi": 61.775242834354245,
      "radon_loc": 19,
      "time_4tiers_ms": 0.4360000020824373,
      "time_radon_ms": 0.5717083307293555,
      "knot_score": 0.11382462686567164,
      "severity": "low",
      "feature_a": 0.0,
      "feature_b": 0.95,
      "feature_c": 0.0,
      "feature_d": 0.0,
      "feature_e": 0.0,
      "feature_f": 0.00375,
      "feature_h": 0.0
    },
    {
      "file": "medium_conditionals.py",
      "category": "medium",
      "lines": 34,
      "radon_max_cc": 6,
      "radon_avg_cc": 4.5,
      "radon_mi": 51.91125122178889,
      "radon_loc": 33,
      "time_4tiers_ms": 1.64145832726111,
      "time_radon_ms": 1.6292359796352684,
      "knot_score": 0.10619402985074627,
      "severity": "low",
      "feature_a": 0.0,
      "feature_b": 0.85,
      "feature_c": 0.0,
      "feature_d": 0.0,
      "feature_e": 0.0,
      "feature_f": 0.045,
      "feature_h": 0.0
    },
    {
      "file": "complex_recursion.py",
      "category": "complex",
      "lines": 46,
      "radon_max_cc": 19,
      "radon_avg_cc": 19,
      "radon_mi": 49.6391586027265,
      "radon_loc": 45,
      "time_4tiers_ms": 1.6556666620696585,
      "time_radon_ms": 1.8982220014246802,
      "knot_score": 0.2835820895522388,
      "severity": "low",
      "feature_a": 0.0,
      "feature_b": 1.0,
      "feature_c": 0.0,
      "feature_d": 0.0,
      "feature_e": 0.0,
      "feature_f": 0.0,
      "feature_h": 1.0
    },
    {
      "file": "issues_long_function.py",
      "category": "issues",
      "lines": 17,
      "radon_max_cc": 1,
      "radon_avg_cc": 1,
      "radon_mi": 58.98794669167313,
      "radon_loc": 16,
      "time_4tiers_ms": 0.6263473187573254,
      "time_radon_ms": 0.8358473229842881,
      "knot_score": 0.11940298507462686,
      "severity": "low",
      "feature_a": 0.0,
      "feature_b": 1.0,
      "feature_c": 0.0,
      "feature_d": 0.0,
      "feature_e": 0.0,
      "feature_f": 0.0,
      "feature_h": 0.0
    },
    {
      "file": "issues_dead_code.py",
      "category": "issues",
      "lines": 11,
      "radon_max_cc": 2,
      "radon_avg_cc": 2,
      "radon_mi": 90.83998008263792,
      "radon_loc": 10,
      "time_4tiers_ms": 0.23491668980568647,
      "time_radon_ms": 0.33411133335903287,
      "knot_score": 0.26865671641791045,
      "severity": "low",
      "feature_a": 0.0,
      "feature_b": 1.0,
      "feature_c": 0.0,
      "feature_d": 1.0,
      "feature_e": 0.0,
      "feature_f": 0.0,
      "feature_h": 0.0
    },
    {
      "file": "mixed_realistic_1.py",
      "category": "mixed",
      "lines": 41,
      "radon_max_cc": 5,
      "radon_avg_cc": 3.6,
      "radon_mi": 53.309796007554795,
      "radon_loc": 40,
      "time_4tiers_ms": 1.1163193460864325,
      "time_radon_ms": 1.5064170002005994,
      "knot_score": 0.10009328358208958,
      "severity": "low",
      "feature_a": 0.0,
      "feature_b": 0.8,
      "feature_c": 0.0,
      "feature_d": 0.0,
      "feature_e": 0.0,
      "feature_f": 0.04375,
      "feature_h": 0.0
    },
    {
      "file": "complex_state_machine.py",
      "category": "complex",
      "lines": 46,
      "radon_max_cc": 19,
      "radon_avg_cc": 19,
      "radon_mi": 49.6391586027265,
      "radon_loc": 45,
      "time_4tiers_ms": 1.5450139762833714,
      "time_radon_ms": 2.106708319236835,
      "knot_score": 0.2835820895522388,
      "severity": "low",
      "feature_a": 0.0,
      "feature_b": 1.0,
      "feature_c": 0.0,
      "feature_d": 0.0,
      "feature_e": 0.0,
      "feature_f": 0.0,
      "feature_h": 1.0
    },
    {
      "file": "simple_dicts.py",
      "category": "simple",
      "lines": 20,
      "radon_max_cc": 2,
      "radon_avg_cc": 1.25,
      "radon_mi": 61.775242834354245,
      "radon_loc": 19,
      "time_4tiers_ms": 0.4715416968489687,
      "time_radon_ms": 0.6361943281566104,
      "knot_score": 0.11382462686567164,
      "severity": "low",
      "feature_a": 0.0,
      "feature_b": 0.95,
      "feature_c": 0.0,
      "feature_d": 0.0,
      "feature_e": 0.0,
      "feature_f": 0.00375,
      "feature_h": 0.0
    },
    {
      "file": "medium_functions.py",
      "category": "medium",
      "lines": 34,
      "radon_max_cc": 6,
      "radon_avg_cc": 4.5,
      "radon_mi": 51.91125122178889,
      "radon_loc": 33,
      "time_4tiers_ms": 1.2449583155103028,
      "time_radon_ms": 1.4848886639811099,
      "knot_score": 0.10619402985074627,
      "severity": "low",
      "feature_a": 0.0,
      "feature_b": 0.85,
      "feature_c": 0.0,
      "feature_d": 0.0,
      "feature_e": 0.0,
      "feature_f": 0.045,
      "feature_h": 0.0
    },
    {
      "file": "medium_loops.py",
      "category": "medium",
      "lines": 34,
      "radon_max_cc": 6,
      "radon_avg_cc": 4.5,
      "radon_mi": 51.91125122178889,
      "radon_loc": 33,
      "time_4tiers_ms": 1.0714026672455172,
      "time_radon_ms": 1.3786946656182408,
      "knot_score": 0.10619402985074627,
      "severity": "low",
      "feature_a": 0.0,
      "feature_b": 0.85,
      "feature_c": 0.0,
      "feature_d": 0.0,
      "feature_e": 0.0,
      "feature_f": 0.045,
      "feature_h": 0.0
    },
    {
      "file": "medium_error_handling.py",
      "category": "medium",
      "lines": 34,
      "radon_max_cc": 6,
      "radon_avg_cc": 4.5,
      "radon_mi": 51.91125122178889,
      "radon_loc": 33,
      "time_4tiers_ms": 1.0100416645097237,
      "time_radon_ms": 1.2514863434868555,
      "knot_score": 0.10619402985074627,
      "severity": "low",
      "feature_a": 0.0,
      "feature_b": 0.85,
      "feature_c": 0.0,
      "feature_d": 0.0,
      "feature_e": 0.0,
      "feature_f": 0.045,
      "feature_h": 0.0
    },
    {
      "file": "simple_lists.py",
      "category": "simple",
      "lines": 20,
      "radon_max_cc": 2,
      "radon_avg_cc": 1.25,
      "radon_mi": 61.775242834354245,
      "radon_loc": 19,
      "time_4tiers_ms": 0.3902500223678847,
      "time_radon_ms": 0.5114026910935839,
      "knot_score": 0.11382462686567164,
      "severity": "low",
      "feature_a": 0.0,
      "feature_b": 0.95,
      "feature_c": 0.0,
      "feature_d": 0.0,
      "feature_e": 0.0,
      "feature_f": 0.00375,
      "feature_h": 0.0
    },
    {
      "file": "complex_nested.py",
      "category": "complex",
      "lines": 46,
      "radon_max_cc": 19,
      "radon_avg_cc": 19,
      "radon_mi": 49.6391586027265,
      "radon_loc": 45,
      "time_4tiers_ms": 1.369208349691083,
      "time_radon_ms": 1.7442639800719917,
      "knot_score": 0.2835820895522388,
      "severity": "low",
      "feature_a": 0.0,
      "feature_b": 1.0,
      "feature_c": 0.0,
      "feature_d": 0.0,
      "feature_e": 0.0,